MEASSHIFT_X,MEASSHIFT_Y,MEAS_X,MEAS_Y
5.49082541593338,0.022966664125889,5.99082541593338,0.022966664125889
9.63826309210593,0.032434478923501,10.1382630921059,0.032434478923501
12.5971156420388,0.044591993097096,13.0971156420388,0.044591993097096
