MEAS_X,MEAS_Y
5.99082541593338,0.022966664125889
10.1382630921059,0.032434478923501
13.0971156420388,0.044591993097096
